Date: [mm-dd-yyyy], Time (24-hour format): [hh-mm-ss], Humidity: (%), Temperature: (Celsius)
07/14/2026,03:18:57,55.9, 26.7
07/14/2026,03:19:56,55.1, 26.8
07/14/2026,03:20:56,54.5, 26.7
07/14/2026,03:21:55,54.7, 26.7
07/14/2026,03:22:55,54.9, 26.5
07/14/2026,03:23:54,55.2, 26.4
07/14/2026,03:24:54,55.6, 26.2
07/14/2026,03:25:53,58.1, 26.2
07/14/2026,03:26:53,56.5, 26.1
07/14/2026,03:27:53,56.4, 26.0
07/14/2026,03:28:52,56.4, 26.0
07/14/2026,03:29:52,56.5, 25.9
07/14/2026,03:30:52,56.7, 25.9
07/14/2026,03:31:51,56.8, 25.8
07/14/2026,03:32:51,56.8, 25.8
07/14/2026,03:33:50,57.0, 25.8
07/14/2026,03:34:50,57.1, 25.7
07/14/2026,03:35:50,57.2, 25.7
07/14/2026,03:36:49,57.3, 25.7
07/14/2026,03:37:49,57.4, 25.7
07/14/2026,03:38:49,57.5, 25.6
07/14/2026,03:39:48,57.5, 25.6
07/14/2026,03:40:48,57.6, 25.6
07/14/2026,03:41:47,57.6, 25.6
07/14/2026,03:42:47,57.7, 25.5
07/14/2026,03:43:47,57.8, 25.5
07/14/2026,03:44:46,57.9, 25.5
07/14/2026,03:45:46,57.9, 25.5
07/14/2026,03:46:46,58.0, 25.4
07/14/2026,03:47:45,58.0, 25.5
07/14/2026,03:48:45,58.0, 25.5
07/14/2026,03:49:45,58.1, 25.4
07/14/2026,03:50:44,58.2, 25.4
07/14/2026,03:51:44,58.3, 25.4
07/14/2026,03:52:44,58.3, 25.4
07/14/2026,03:53:43,58.2, 25.4
07/14/2026,03:54:43,58.3, 25.4
07/14/2026,03:55:43,58.4, 25.4
07/14/2026,03:56:42,58.4, 25.4
07/14/2026,03:57:42,58.4, 25.3
07/14/2026,03:58:42,58.5, 25.3
07/14/2026,03:59:41,58.5, 25.3
07/14/2026,04:00:41,58.5, 25.3
07/14/2026,04:01:41,58.6, 25.3
07/14/2026,04:02:40,58.7, 25.2
07/14/2026,04:03:40,58.6, 25.2
07/14/2026,04:04:40,58.7, 25.2
07/14/2026,04:05:39,58.7, 25.2
07/14/2026,04:06:39,58.7, 25.2
07/14/2026,04:07:38,58.7, 25.2
07/14/2026,04:08:38,58.8, 25.2
07/14/2026,04:09:38,58.7, 25.2
07/14/2026,04:10:38,58.8, 25.2
07/14/2026,04:11:37,58.8, 25.2
07/14/2026,04:12:37,58.8, 25.2
07/14/2026,04:13:37,58.8, 25.2
07/14/2026,04:14:36,58.9, 25.1
07/14/2026,04:15:36,58.9, 25.1
07/14/2026,04:16:36,58.9, 25.1
07/14/2026,04:17:36,59.0, 25.1
07/14/2026,04:18:35,59.1, 25.1
07/14/2026,04:19:35,59.1, 25.1
07/14/2026,04:20:35,59.1, 25.1
07/14/2026,04:21:35,59.2, 25.1
07/14/2026,04:22:34,59.2, 25.0
07/14/2026,04:23:34,59.2, 25.0
07/14/2026,04:24:34,59.2, 25.0
07/14/2026,04:25:33,59.2, 25.0
07/14/2026,04:26:33,59.2, 25.0
07/14/2026,04:27:33,59.3, 25.0
07/14/2026,04:28:32,59.4, 25.0
07/14/2026,04:29:32,59.4, 25.0
07/14/2026,04:30:32,59.4, 25.0
07/14/2026,04:31:32,59.4, 25.0
07/14/2026,04:32:31,59.4, 25.0
07/14/2026,04:33:31,59.4, 25.0
07/14/2026,04:34:31,59.4, 24.9
07/14/2026,04:35:30,59.5, 24.9
07/14/2026,04:36:30,59.5, 24.9
07/14/2026,04:37:30,59.6, 24.9
07/14/2026,04:38:30,59.6, 24.9
07/14/2026,04:39:29,59.5, 24.9
07/14/2026,04:40:29,59.5, 24.9
07/14/2026,04:41:29,59.6, 24.9
07/14/2026,04:42:28,59.6, 24.9
07/14/2026,04:43:28,59.6, 24.9
07/14/2026,04:44:28,59.6, 24.9
07/14/2026,04:45:27,59.7, 24.9
07/14/2026,04:46:27,59.7, 24.8
07/14/2026,04:47:27,59.7, 24.8
07/14/2026,04:48:27,59.8, 24.8
07/14/2026,04:49:26,59.8, 24.8
07/14/2026,04:50:26,59.8, 24.8
07/14/2026,04:51:26,59.8, 24.8
07/14/2026,04:52:25,59.8, 24.8
07/14/2026,04:53:25,59.8, 24.8
07/14/2026,04:54:25,59.8, 24.8
07/14/2026,04:55:24,59.8, 24.8
07/14/2026,04:56:24,59.8, 24.8
07/14/2026,04:57:24,59.8, 24.8
07/14/2026,04:58:24,59.8, 24.8
07/14/2026,04:59:23,59.9, 24.8
07/14/2026,05:00:23,59.9, 24.8
07/14/2026,05:01:23,59.9, 24.8
07/14/2026,05:02:22,59.9, 24.8
07/14/2026,05:03:22,60.0, 24.8
07/14/2026,05:04:22,60.0, 24.8
07/14/2026,05:05:21,60.1, 24.8
07/14/2026,05:06:21,60.0, 24.8
07/14/2026,05:07:21,60.1, 24.8
07/14/2026,05:08:20,60.1, 24.8
07/14/2026,05:09:20,60.2, 24.8
07/14/2026,05:10:20,60.2, 24.8
07/14/2026,05:11:19,60.3, 24.7
07/14/2026,05:12:19,60.3, 24.7
07/14/2026,05:13:19,60.4, 24.7
07/14/2026,05:14:18,60.4, 24.7
07/14/2026,05:15:18,60.4, 24.7
07/14/2026,05:16:18,60.5, 24.7
07/14/2026,05:17:17,60.4, 24.7
07/14/2026,05:18:17,60.6, 24.7
07/14/2026,05:19:17,60.5, 24.7
07/14/2026,05:20:16,60.6, 24.7
07/14/2026,05:21:16,60.6, 24.7
07/14/2026,05:22:16,60.7, 24.7
07/14/2026,05:23:15,60.6, 24.7
07/14/2026,05:24:15,60.6, 24.7
07/14/2026,05:25:15,60.7, 24.7
07/14/2026,05:26:14,60.8, 24.7
07/14/2026,05:27:14,60.7, 24.6
07/14/2026,05:28:14,60.7, 24.6
07/14/2026,05:29:13,60.8, 24.7
07/14/2026,05:30:13,60.8, 24.7
07/14/2026,05:31:13,60.9, 24.7
07/14/2026,05:32:12,60.9, 24.6
07/14/2026,05:33:12,60.9, 24.6
07/14/2026,05:34:11,60.9, 24.6
07/14/2026,05:35:11,60.9, 24.6
07/14/2026,05:36:11,60.9, 24.6
07/14/2026,05:37:10,60.9, 24.6
07/14/2026,05:38:10,61.0, 24.6
07/14/2026,05:39:10,61.0, 24.6
07/14/2026,05:40:09,60.9, 24.6
07/14/2026,05:41:09,61.1, 24.6
07/14/2026,05:42:09,61.0, 24.6
07/14/2026,05:43:09,61.0, 24.6
07/14/2026,05:44:08,61.1, 24.6
07/14/2026,05:45:08,61.0, 24.6
07/14/2026,05:46:08,61.1, 24.6
07/14/2026,05:47:07,61.0, 24.6
07/14/2026,05:48:07,61.1, 24.6
07/14/2026,05:49:07,61.1, 24.6
07/14/2026,05:50:06,61.1, 24.6
07/14/2026,05:51:06,61.2, 24.6
07/14/2026,05:52:06,61.2, 24.6
07/14/2026,05:53:05,61.1, 24.6
07/14/2026,05:54:05,61.2, 24.6
07/14/2026,05:55:05,61.2, 24.6
07/14/2026,05:56:04,61.2, 24.5
07/14/2026,05:57:04,61.2, 24.6
07/14/2026,05:58:04,61.2, 24.5
07/14/2026,05:59:03,61.2, 24.6
07/14/2026,06:00:03,61.2, 24.5
07/14/2026,06:01:03,61.2, 24.5
07/14/2026,06:02:02,61.1, 24.5
07/14/2026,06:03:02,61.2, 24.5
07/14/2026,06:04:02,61.2, 24.5
07/14/2026,06:05:01,61.2, 24.5
07/14/2026,06:06:01,61.3, 24.5
07/14/2026,06:07:01,61.2, 24.5
07/14/2026,06:08:00,61.2, 24.5
07/14/2026,06:09:00,61.2, 24.5
07/14/2026,06:10:00,61.3, 24.5
07/14/2026,06:10:59,61.2, 24.5
07/14/2026,06:11:59,61.3, 24.5
07/14/2026,06:12:59,61.3, 24.5
07/14/2026,06:13:58,61.3, 24.5
07/14/2026,06:14:58,61.2, 24.5
07/14/2026,06:15:58,61.2, 24.5
07/14/2026,06:16:57,61.2, 24.5
07/14/2026,06:17:57,61.2, 24.5
07/14/2026,06:18:57,61.2, 24.5
07/14/2026,06:19:56,61.3, 24.5
07/14/2026,06:20:56,61.3, 24.5
07/14/2026,06:21:56,61.3, 24.5
07/14/2026,06:22:55,61.3, 24.5
07/14/2026,06:23:55,61.3, 24.5
07/14/2026,06:24:55,61.3, 24.5
07/14/2026,06:25:54,61.2, 24.5
07/14/2026,06:26:54,61.3, 24.5
07/14/2026,06:27:54,61.2, 24.5
07/14/2026,06:28:53,61.3, 24.5
07/14/2026,06:29:53,61.3, 24.5
07/14/2026,06:30:53,61.3, 24.5
07/14/2026,06:31:52,61.2, 24.5
07/14/2026,06:32:52,61.3, 24.5
07/14/2026,06:33:52,61.3, 24.5
07/14/2026,06:34:51,61.4, 24.5
07/14/2026,06:35:51,61.3, 24.5
07/14/2026,06:36:51,61.4, 24.5
07/14/2026,06:37:50,61.4, 24.5
07/14/2026,06:38:50,61.5, 24.5
07/14/2026,06:39:50,61.5, 24.5
07/14/2026,06:40:49,61.5, 24.5
07/14/2026,06:41:49,61.6, 24.5
07/14/2026,06:42:49,61.5, 24.4
07/14/2026,06:43:48,61.5, 24.4
07/14/2026,06:44:48,61.5, 24.4
07/14/2026,06:45:48,61.5, 24.5
07/14/2026,06:46:48,61.6, 24.4
07/14/2026,06:47:47,61.5, 24.5
07/14/2026,06:48:47,61.6, 24.4
07/14/2026,06:49:47,61.6, 24.4
07/14/2026,06:50:47,61.5, 24.4
07/14/2026,06:51:46,61.7, 24.4
07/14/2026,06:52:46,61.7, 24.4
07/14/2026,06:53:46,61.6, 24.4
07/14/2026,06:54:45,61.7, 24.4
07/14/2026,06:55:45,61.6, 24.4
07/14/2026,06:56:45,61.7, 24.4
07/14/2026,06:57:45,61.8, 24.4
07/14/2026,06:58:44,61.8, 24.4
07/14/2026,06:59:44,61.8, 24.4
07/14/2026,07:00:44,61.8, 24.4
07/14/2026,07:01:43,61.8, 24.4
07/14/2026,07:02:43,61.9, 24.4
07/14/2026,07:03:43,61.9, 24.4
07/14/2026,07:04:42,61.9, 24.4
07/14/2026,07:05:42,61.9, 24.4
07/14/2026,07:06:42,61.9, 24.4
07/14/2026,07:07:41,62.0, 24.4
07/14/2026,07:08:41,61.9, 24.4
07/14/2026,07:09:40,62.0, 24.4
07/14/2026,07:10:40,62.0, 24.4
07/14/2026,07:11:40,62.0, 24.4
07/14/2026,07:12:39,62.0, 24.4
07/14/2026,07:13:39,62.0, 24.4
07/14/2026,07:14:39,62.0, 24.4
07/14/2026,07:15:38,62.1, 24.4
07/14/2026,07:16:38,62.1, 24.4
07/14/2026,07:17:38,62.1, 24.4
07/14/2026,07:18:38,62.2, 24.4
07/14/2026,07:19:37,62.1, 24.4
07/14/2026,07:20:37,62.2, 24.4
07/14/2026,07:21:37,62.2, 24.4
07/14/2026,07:22:36,62.3, 24.4
07/14/2026,07:23:36,62.4, 24.4
07/14/2026,07:24:36,62.5, 24.4
07/14/2026,07:25:35,62.5, 24.4
07/14/2026,07:26:35,62.5, 24.4
07/14/2026,07:27:35,62.6, 24.4
07/14/2026,07:28:34,62.6, 24.4
07/14/2026,07:29:34,62.7, 24.4
07/14/2026,07:30:34,62.7, 24.4
07/14/2026,07:31:33,62.7, 24.4
07/14/2026,07:32:33,62.8, 24.4
07/14/2026,07:33:33,62.8, 24.4
07/14/2026,07:34:32,62.9, 24.4
07/14/2026,07:35:32,63.1, 24.4
07/14/2026,07:36:32,63.0, 24.4
07/14/2026,07:37:31,63.2, 24.4
07/14/2026,07:38:31,63.2, 24.4
07/14/2026,07:39:30,63.2, 24.4
07/14/2026,07:40:30,63.2, 24.4
07/14/2026,07:41:30,63.3, 24.4
07/14/2026,07:42:29,63.3, 24.4
07/14/2026,07:43:29,63.5, 24.4
07/14/2026,07:44:29,63.5, 24.4
07/14/2026,07:45:28,63.6, 24.4
07/14/2026,07:46:28,63.6, 24.4
07/14/2026,07:47:28,63.6, 24.4
07/14/2026,07:48:27,63.5, 24.4
07/14/2026,07:49:27,63.6, 24.4
07/14/2026,07:50:27,63.5, 24.4
07/14/2026,07:51:26,63.5, 24.4
07/14/2026,07:52:26,63.5, 24.4
07/14/2026,07:53:25,63.5, 24.4
07/14/2026,07:54:25,63.5, 24.4
07/14/2026,07:55:25,63.5, 24.4
07/14/2026,07:56:24,63.4, 24.4
07/14/2026,07:57:24,63.4, 24.4
07/14/2026,07:58:24,63.3, 24.4
07/14/2026,07:59:23,63.4, 24.4
07/14/2026,08:00:23,63.4, 24.4
07/14/2026,08:01:23,63.4, 24.4
07/14/2026,08:02:22,63.4, 24.4
07/14/2026,08:03:22,63.4, 24.4
07/14/2026,08:04:21,63.4, 24.4
07/14/2026,08:05:21,63.4, 24.4
07/14/2026,08:06:21,63.3, 24.4
07/14/2026,08:07:20,63.3, 24.4
07/14/2026,08:08:20,63.2, 24.4
07/14/2026,08:09:20,63.3, 24.4
07/14/2026,08:10:19,63.3, 24.4
07/14/2026,08:11:19,63.2, 24.4
07/14/2026,08:12:18,63.3, 24.4
07/14/2026,08:13:18,63.3, 24.4
07/14/2026,08:14:17,63.3, 24.4
07/14/2026,08:15:17,63.2, 24.4
07/14/2026,08:16:17,63.2, 24.4
07/14/2026,08:17:16,63.2, 24.4
07/14/2026,08:18:16,63.2, 24.4
07/14/2026,08:19:16,63.2, 24.4
07/14/2026,08:20:15,63.1, 24.4
07/14/2026,08:21:15,63.1, 24.4
07/14/2026,08:22:15,63.0, 24.4
07/14/2026,08:23:14,63.1, 24.4
07/14/2026,08:24:14,63.0, 24.4
07/14/2026,08:25:13,63.1, 24.4
07/14/2026,08:26:13,63.0, 24.4
07/14/2026,08:27:13,62.9, 24.4
07/14/2026,08:28:12,63.0, 24.4
07/14/2026,08:29:12,63.1, 24.4
07/14/2026,08:30:11,63.0, 24.4
07/14/2026,08:31:11,63.0, 24.4
07/14/2026,08:32:11,62.9, 24.4
07/14/2026,08:33:10,63.0, 24.4
07/14/2026,08:34:10,63.0, 24.4
07/14/2026,08:35:10,63.1, 24.4
07/14/2026,08:36:09,63.1, 24.4
07/14/2026,08:37:09,63.0, 24.4
07/14/2026,08:38:09,63.0, 24.4
07/14/2026,08:39:08,63.0, 24.4
07/14/2026,08:40:08,63.0, 24.4
07/14/2026,08:41:08,62.9, 24.4
07/14/2026,08:42:08,62.9, 24.4
07/14/2026,08:43:07,62.9, 24.4
07/14/2026,08:44:07,62.9, 24.4
07/14/2026,08:45:06,62.9, 24.4
07/14/2026,08:46:06,62.9, 24.4
07/14/2026,08:47:06,62.9, 24.4
07/14/2026,08:48:05,62.8, 24.4
07/14/2026,08:49:05,62.9, 24.4
07/14/2026,08:50:04,62.7, 24.4
07/14/2026,08:51:04,62.8, 24.4
07/14/2026,08:52:04,62.7, 24.4
07/14/2026,08:53:03,62.8, 24.4
07/14/2026,08:54:03,62.8, 24.4
07/14/2026,08:55:03,62.8, 24.4
07/14/2026,08:56:02,62.8, 24.4
07/14/2026,08:57:02,62.7, 24.4
07/14/2026,08:58:02,62.7, 24.4
07/14/2026,08:59:01,62.7, 24.4
07/14/2026,09:00:01,62.8, 24.4
07/14/2026,09:01:01,62.6, 24.4
07/14/2026,09:02:00,62.6, 24.4
07/14/2026,09:03:00,62.6, 24.4
07/14/2026,09:04:00,62.5, 24.4
07/14/2026,09:04:59,62.7, 24.4
07/14/2026,09:05:59,62.6, 24.4
07/14/2026,09:06:58,62.5, 24.4
07/14/2026,09:07:58,62.6, 24.4
07/14/2026,09:08:58,62.6, 24.4
07/14/2026,09:09:57,62.6, 24.4
07/14/2026,09:10:57,62.5, 24.4
07/14/2026,09:11:57,62.5, 24.4
07/14/2026,09:12:56,62.5, 24.4
07/14/2026,09:13:56,62.4, 24.4
07/14/2026,09:14:55,62.4, 24.4
07/14/2026,09:15:55,62.4, 24.4
07/14/2026,09:16:55,62.4, 24.4
07/14/2026,09:17:54,62.4, 24.4
07/14/2026,09:18:54,62.3, 24.4
07/14/2026,09:19:54,62.4, 24.4
07/14/2026,09:20:53,62.4, 24.5
07/14/2026,09:21:53,62.3, 24.4
07/14/2026,09:22:53,62.3, 24.4
07/14/2026,09:23:52,62.3, 24.4
07/14/2026,09:24:52,62.3, 24.4
07/14/2026,09:25:52,62.3, 24.5
07/14/2026,09:26:51,62.3, 24.5
07/14/2026,09:27:51,62.3, 24.5
07/14/2026,09:28:50,62.3, 24.5
07/14/2026,09:29:50,62.2, 24.5
07/14/2026,09:30:50,62.3, 24.5
07/14/2026,09:31:49,62.2, 24.5
07/14/2026,09:32:49,62.2, 24.5
07/14/2026,09:33:49,62.1, 24.6
07/14/2026,09:34:48,62.1, 24.6
07/14/2026,09:35:48,62.1, 24.6
07/14/2026,09:36:48,62.0, 24.6
07/14/2026,09:37:47,62.1, 24.5
07/14/2026,09:38:47,62.1, 24.6
07/14/2026,09:39:46,62.1, 24.6
07/14/2026,09:40:46,62.1, 24.6
07/14/2026,09:41:46,62.1, 24.6
07/14/2026,09:42:45,62.1, 24.6
07/14/2026,09:43:45,62.0, 24.6
07/14/2026,09:44:45,62.0, 24.6
07/14/2026,09:45:44,62.0, 24.6
07/14/2026,09:46:44,62.0, 24.6
07/14/2026,09:47:43,62.0, 24.6
07/14/2026,09:48:43,62.1, 24.6
07/14/2026,09:49:43,62.1, 24.6
07/14/2026,09:50:42,62.1, 24.6
07/14/2026,09:51:42,62.2, 24.6
07/14/2026,09:52:42,62.2, 24.7
07/14/2026,09:53:41,62.1, 24.7
07/14/2026,09:54:41,62.1, 24.7
07/14/2026,09:55:41,62.2, 24.7
07/14/2026,09:56:40,62.1, 24.7
07/14/2026,09:57:40,62.2, 24.7
07/14/2026,09:58:40,62.2, 24.7
07/14/2026,09:59:39,62.2, 24.7
07/14/2026,10:00:39,62.2, 24.7
07/14/2026,10:01:39,62.2, 24.7
07/14/2026,10:02:38,62.1, 24.8
07/14/2026,10:03:38,62.1, 24.8
07/14/2026,10:04:38,62.1, 24.8
07/14/2026,10:05:37,62.1, 24.8
07/14/2026,10:06:37,62.1, 24.8
07/14/2026,10:07:36,62.1, 24.8
07/14/2026,10:08:36,62.1, 24.8
07/14/2026,10:09:36,62.1, 24.8
07/14/2026,10:10:35,62.1, 24.8
07/14/2026,10:11:35,62.2, 24.9
07/14/2026,10:12:34,62.2, 24.8
07/14/2026,10:13:34,62.2, 24.9
07/14/2026,10:14:34,62.2, 24.9
07/14/2026,10:15:33,62.1, 24.9
07/14/2026,10:16:33,62.2, 24.9
07/14/2026,10:17:33,62.2, 24.9
07/14/2026,10:18:33,62.2, 24.9
07/14/2026,10:19:32,62.2, 24.9
07/14/2026,10:20:32,62.1, 24.9
07/14/2026,10:21:32,62.1, 24.9
07/14/2026,10:22:31,62.2, 24.9
07/14/2026,10:23:31,62.2, 24.9
07/14/2026,10:24:30,62.1, 24.9
07/14/2026,10:25:30,62.1, 24.9
07/14/2026,10:26:30,62.1, 25.0
07/14/2026,10:27:29,62.0, 24.9
07/14/2026,10:28:29,62.0, 25.0
07/14/2026,10:29:29,62.0, 25.0
07/14/2026,10:30:29,62.0, 25.0
07/14/2026,10:31:28,62.0, 25.0
07/14/2026,10:32:28,61.9, 25.0
07/14/2026,10:33:28,61.9, 25.0
07/14/2026,10:34:28,61.9, 25.0
07/14/2026,10:35:27,61.9, 25.0
07/14/2026,10:36:27,61.9, 25.0
07/14/2026,10:37:26,61.9, 25.0
07/14/2026,10:38:26,61.9, 25.0
07/14/2026,10:39:26,61.8, 25.0
07/14/2026,10:40:25,61.8, 25.1
07/14/2026,10:41:25,61.8, 25.0
07/14/2026,10:42:25,61.8, 25.1
07/14/2026,10:43:25,61.7, 25.1
07/14/2026,10:44:24,61.8, 25.1
07/14/2026,10:45:24,61.8, 25.1
07/14/2026,10:46:23,61.8, 25.1
07/14/2026,10:47:23,61.7, 25.1
07/14/2026,10:48:23,61.7, 25.1
07/14/2026,10:49:22,61.7, 25.1
07/14/2026,10:50:22,61.7, 25.1
07/14/2026,10:51:21,61.7, 25.1
07/14/2026,10:52:21,61.6, 25.1
07/14/2026,10:53:21,61.7, 25.1
07/14/2026,10:54:20,61.6, 25.1
07/14/2026,10:55:20,61.5, 25.1
07/14/2026,10:56:20,61.6, 25.1
07/14/2026,10:57:19,61.5, 25.2
07/14/2026,10:58:19,61.6, 25.1
07/14/2026,10:59:18,61.5, 25.2
07/14/2026,11:00:18,61.5, 25.2
07/14/2026,11:01:18,61.5, 25.2
07/14/2026,11:02:17,61.6, 25.2
07/14/2026,11:03:17,61.5, 25.2
07/14/2026,11:04:17,61.5, 25.2
07/14/2026,11:05:16,61.3, 25.2
07/14/2026,11:06:16,61.5, 25.2
07/14/2026,11:07:16,61.5, 25.2
07/14/2026,11:08:15,61.5, 25.2
07/14/2026,11:09:15,61.5, 25.2
07/14/2026,11:10:15,61.5, 25.3
07/14/2026,11:11:14,61.4, 25.3
07/14/2026,11:12:14,61.4, 25.3
07/14/2026,11:13:14,61.4, 25.3
07/14/2026,11:14:13,61.4, 25.3
07/14/2026,11:15:13,61.5, 25.3
07/14/2026,11:16:13,61.4, 25.3
07/14/2026,11:17:12,61.5, 25.3
07/14/2026,11:18:12,61.5, 25.3
07/14/2026,11:19:12,61.5, 25.3
07/14/2026,11:20:11,61.5, 25.3
07/14/2026,11:21:11,61.5, 25.4
07/14/2026,11:22:11,61.6, 25.4
07/14/2026,11:23:10,61.6, 25.3
07/14/2026,11:24:10,61.5, 25.4
07/14/2026,11:25:10,61.5, 25.4
07/14/2026,11:26:09,61.5, 25.4
07/14/2026,11:27:09,61.6, 25.4
07/14/2026,11:28:09,61.5, 25.4
07/14/2026,11:29:08,61.5, 25.4
07/14/2026,11:30:08,61.5, 25.4
07/14/2026,11:31:07,61.4, 25.4
07/14/2026,11:32:07,61.4, 25.4
07/14/2026,11:33:07,61.4, 25.4
07/14/2026,11:34:06,61.4, 25.4
07/14/2026,11:35:06,61.4, 25.5
07/14/2026,11:36:05,61.4, 25.5
07/14/2026,11:37:05,61.4, 25.5
07/14/2026,11:38:05,61.3, 25.5
07/14/2026,11:39:04,61.4, 25.5
07/14/2026,11:40:04,61.4, 25.5
07/14/2026,11:41:03,61.4, 25.5
07/14/2026,11:42:03,61.3, 25.5
07/14/2026,11:43:03,61.3, 25.5
07/14/2026,11:44:02,61.2, 25.5
07/14/2026,11:45:02,61.3, 25.6
07/14/2026,11:46:01,61.4, 25.6
07/14/2026,11:47:00,61.3, 25.7
07/14/2026,11:48:00,61.2, 25.7
07/14/2026,11:48:59,61.2, 25.7
07/14/2026,11:49:59,61.1, 25.7
07/14/2026,11:50:58,61.2, 25.7
07/14/2026,11:51:57,61.2, 25.7
07/14/2026,11:52:57,61.2, 25.7
07/14/2026,11:53:56,61.2, 25.7
07/14/2026,11:54:56,61.2, 25.7
07/14/2026,11:55:55,61.2, 25.7
07/14/2026,11:56:54,61.1, 25.7
07/14/2026,11:57:54,61.1, 25.7
07/14/2026,11:58:53,61.1, 25.7
07/14/2026,11:59:53,61.1, 25.7
07/14/2026,12:00:52,61.1, 25.7
07/14/2026,12:01:51,61.1, 25.7
07/14/2026,12:02:51,61.1, 25.7
07/14/2026,12:03:50,61.1, 25.7
07/14/2026,12:04:50,61.0, 25.8
07/14/2026,12:05:49,60.7, 25.8
07/14/2026,12:06:48,60.4, 25.9
07/14/2026,12:07:48,59.1, 25.8
07/14/2026,12:08:47,58.4, 25.8
07/14/2026,12:09:46,57.7, 25.8
07/14/2026,12:10:46,57.0, 25.8
07/14/2026,12:11:45,56.8, 25.8
07/14/2026,12:12:45,57.3, 25.8
07/14/2026,12:13:44,56.8, 25.8
07/14/2026,12:14:43,56.9, 25.8
07/14/2026,12:15:43,56.9, 25.8
07/14/2026,12:16:42,56.6, 25.8
07/14/2026,12:17:42,56.6, 25.7
07/14/2026,12:18:41,56.7, 25.7
07/14/2026,12:19:40,56.6, 25.7
07/14/2026,12:20:40,56.6, 25.7
07/14/2026,12:21:39,55.8, 25.7
07/14/2026,12:22:39,55.8, 25.7
07/14/2026,12:23:38,56.0, 25.7
07/14/2026,12:24:37,55.4, 25.7
07/14/2026,12:25:37,55.8, 25.8
07/14/2026,12:26:36,56.0, 25.8
07/14/2026,12:27:36,56.2, 25.9
07/14/2026,12:28:35,56.0, 26.0
07/14/2026,12:29:34,56.0, 26.1
07/14/2026,12:30:34,56.1, 26.1
07/14/2026,12:31:33,55.7, 26.2
07/14/2026,12:32:32,55.4, 26.2
07/14/2026,12:33:32,55.5, 26.2
07/14/2026,12:34:31,55.7, 26.3
07/14/2026,12:35:31,55.6, 26.3
07/14/2026,12:36:30,55.6, 26.3
07/14/2026,12:37:29,55.7, 26.3
07/14/2026,12:38:29,55.9, 26.3
07/14/2026,12:39:28,56.0, 26.3
07/14/2026,12:40:27,55.6, 26.4
07/14/2026,12:41:27,55.4, 26.4
07/14/2026,12:42:26,55.5, 26.4
07/14/2026,12:43:26,55.5, 26.4
07/14/2026,12:44:25,55.5, 26.4
07/14/2026,12:45:24,55.4, 26.5
07/14/2026,12:46:24,55.3, 26.5
07/14/2026,12:47:23,55.4, 26.5
07/14/2026,12:48:23,55.0, 26.4
07/14/2026,12:49:22,54.4, 26.4
07/14/2026,12:50:22,54.5, 26.4
07/14/2026,12:51:21,53.9, 26.3
07/14/2026,12:52:21,53.4, 26.3
07/14/2026,12:53:20,53.0, 26.2
07/14/2026,12:54:20,52.3, 26.2
07/14/2026,12:55:19,50.8, 26.1
07/14/2026,12:56:18,50.2, 26.1
07/14/2026,12:57:18,50.6, 26.0
07/14/2026,12:58:17,50.5, 26.0
07/14/2026,12:59:17,50.6, 26.0
07/14/2026,13:00:16,49.7, 26.0
07/14/2026,13:01:16,48.7, 26.0
07/14/2026,13:02:15,48.4, 25.9
07/14/2026,13:03:14,48.0, 25.9
07/14/2026,13:04:14,49.0, 25.9
07/14/2026,13:05:13,48.1, 25.9
07/14/2026,13:06:13,47.7, 25.8
07/14/2026,13:07:12,47.5, 25.8
07/14/2026,13:08:12,46.8, 25.8
07/14/2026,13:09:11,47.2, 25.8
07/14/2026,13:10:11,47.2, 25.8
07/14/2026,13:11:10,46.7, 25.7
07/14/2026,13:12:09,46.7, 25.7
07/14/2026,13:13:09,47.1, 25.7
07/14/2026,13:14:08,45.9, 25.7
07/14/2026,13:15:08,46.4, 25.7
07/14/2026,13:16:07,45.8, 25.7
07/14/2026,13:17:07,45.6, 25.7
07/14/2026,13:18:06,45.4, 25.7
07/14/2026,13:19:06,45.3, 25.6
07/14/2026,13:20:05,45.2, 25.6
07/14/2026,13:30:01,45.9, 26.3
07/14/2026,13:31:00,46.2, 26.3
07/14/2026,13:32:00,46.2, 26.3
07/14/2026,13:32:59,46.2, 26.3
07/14/2026,13:33:59,46.1, 26.2
07/14/2026,13:34:58,46.3, 26.1
07/14/2026,13:35:58,46.2, 26.1
07/14/2026,13:36:57,46.7, 26.0
07/14/2026,13:37:56,46.2, 26.0
07/14/2026,13:38:56,45.9, 26.0
07/14/2026,13:39:55,46.6, 26.0
07/14/2026,13:40:55,46.7, 26.1
07/14/2026,13:41:54,47.1, 26.2
07/14/2026,13:42:54,47.5, 26.2
07/14/2026,13:43:53,47.3, 26.3
07/14/2026,13:44:53,47.2, 26.4
07/14/2026,13:45:52,46.5, 26.5
07/14/2026,13:46:51,46.6, 26.5
07/14/2026,13:47:51,47.1, 26.6
07/14/2026,13:48:50,46.5, 26.6
07/14/2026,13:49:50,46.7, 26.7
07/14/2026,13:50:49,46.8, 26.7
07/14/2026,13:51:49,46.5, 26.6
07/14/2026,13:52:48,46.9, 26.6
07/14/2026,13:53:47,47.4, 26.6
07/14/2026,13:54:47,47.3, 26.6
07/14/2026,13:55:46,47.0, 26.6
07/14/2026,13:56:45,47.4, 26.6
07/14/2026,13:57:45,47.4, 26.6
07/14/2026,13:58:44,47.8, 26.6
07/14/2026,13:59:44,47.4, 26.6
07/14/2026,14:00:43,48.0, 26.6
07/14/2026,14:01:43,47.8, 26.6
07/14/2026,14:02:42,47.8, 26.6
07/14/2026,14:03:42,47.7, 26.6
07/14/2026,14:04:41,47.4, 26.6
07/14/2026,14:05:41,47.3, 26.6
07/14/2026,14:06:40,47.2, 26.6
07/14/2026,14:07:40,47.2, 26.5
07/14/2026,14:08:39,46.9, 26.5
07/14/2026,14:09:38,46.8, 26.5
07/14/2026,14:10:38,47.2, 26.4
07/14/2026,14:11:37,47.1, 26.4
07/14/2026,14:12:36,46.7, 26.4
07/14/2026,14:13:36,46.7, 26.4
07/14/2026,14:14:35,46.6, 26.4
07/14/2026,14:15:35,46.7, 26.3
07/14/2026,14:16:34,46.7, 26.3
07/14/2026,14:17:34,46.7, 26.3
07/14/2026,14:18:33,46.8, 26.3
07/14/2026,14:19:32,46.6, 26.3
07/14/2026,14:20:32,46.7, 26.3
07/14/2026,14:21:31,46.7, 26.3
07/14/2026,14:22:31,46.6, 26.3
07/14/2026,14:23:30,46.8, 26.3
07/14/2026,14:24:30,46.7, 26.3
07/14/2026,14:25:29,46.5, 26.3
07/14/2026,14:26:28,46.4, 26.3
07/14/2026,14:27:28,46.6, 26.3
07/14/2026,14:28:27,47.1, 26.3
07/14/2026,14:29:26,47.2, 26.4
07/14/2026,14:30:26,46.9, 26.4
07/14/2026,14:31:25,47.3, 26.5
07/14/2026,14:32:25,47.2, 26.6
07/14/2026,14:33:24,46.8, 26.6
07/14/2026,14:34:24,46.9, 26.7
07/14/2026,14:35:23,46.8, 26.7
07/14/2026,14:36:22,47.0, 26.8
07/14/2026,14:37:22,46.6, 26.8
07/14/2026,14:38:21,47.0, 26.8
07/14/2026,14:39:20,46.8, 26.8
07/14/2026,14:40:20,46.8, 26.9
07/14/2026,14:41:19,47.3, 26.9
07/14/2026,14:42:19,46.9, 26.9
07/14/2026,14:43:18,47.0, 26.9
07/14/2026,14:44:18,47.4, 26.9
07/14/2026,14:45:17,47.2, 27.0
07/14/2026,14:46:16,46.9, 27.0
07/14/2026,14:47:16,46.9, 27.0
07/14/2026,14:48:15,46.6, 27.0
07/14/2026,14:49:15,46.9, 27.0
07/14/2026,14:50:14,47.2, 27.0
07/14/2026,14:51:13,47.2, 27.0
07/14/2026,14:52:12,47.0, 27.1
07/14/2026,14:53:12,46.7, 27.1
07/14/2026,14:54:11,46.7, 27.1
07/14/2026,14:55:10,46.7, 27.1
07/14/2026,14:56:10,46.8, 27.1
07/14/2026,14:57:09,47.6, 27.1
07/14/2026,14:58:08,46.5, 27.2
07/14/2026,14:59:08,46.4, 27.1
07/14/2026,15:00:07,46.4, 27.1
07/14/2026,15:01:06,46.5, 27.2
07/14/2026,15:02:05,46.2, 27.3
07/14/2026,15:03:05,46.0, 27.3
07/14/2026,15:04:04,46.0, 27.3
07/14/2026,15:05:03,46.3, 27.3
07/14/2026,15:06:03,46.6, 27.2
07/14/2026,15:07:02,46.7, 27.3
07/14/2026,15:08:01,46.9, 27.3
07/14/2026,15:09:01,46.3, 27.2
07/14/2026,15:10:00,46.7, 27.2
07/14/2026,15:11:00,47.1, 27.3
07/14/2026,15:11:59,46.9, 27.4
07/14/2026,15:12:58,47.1, 27.4
07/14/2026,15:13:58,47.0, 27.5
07/14/2026,15:14:57,46.9, 27.5
07/14/2026,15:15:57,46.6, 27.6
07/14/2026,15:16:56,46.7, 27.6
07/14/2026,15:17:55,46.3, 27.9
07/14/2026,15:18:55,45.8, 27.8
07/14/2026,15:19:54,45.8, 27.8
07/14/2026,15:20:54,46.5, 27.7
07/14/2026,15:21:53,46.5, 27.6
07/14/2026,15:22:53,46.5, 27.6
07/14/2026,15:23:52,46.5, 27.5
07/14/2026,15:24:52,46.7, 27.4
07/14/2026,15:25:51,46.6, 27.4
07/14/2026,15:26:50,46.7, 27.3
07/14/2026,15:27:50,46.8, 27.3
07/14/2026,15:28:49,46.6, 27.3
07/14/2026,15:29:49,46.9, 27.3
07/14/2026,15:30:48,47.2, 27.4
07/14/2026,15:31:48,47.1, 27.3
07/14/2026,15:32:47,47.3, 27.3
07/14/2026,15:33:47,47.3, 27.3
07/14/2026,15:34:46,47.3, 27.3
07/14/2026,15:35:45,47.4, 27.3
07/14/2026,15:36:45,47.6, 27.3
07/14/2026,15:37:44,47.3, 27.3
07/14/2026,15:38:44,47.4, 27.3
07/14/2026,15:39:43,47.4, 27.3
07/14/2026,15:40:43,47.7, 27.3
07/14/2026,15:41:42,47.7, 27.3
07/14/2026,15:42:41,48.0, 27.2
07/14/2026,15:43:41,47.9, 27.3
07/14/2026,15:44:40,47.9, 27.3
07/14/2026,15:45:39,47.9, 27.2
07/14/2026,15:46:39,48.0, 27.2
07/14/2026,15:47:38,48.2, 27.2
07/14/2026,15:48:38,48.3, 27.1
07/14/2026,15:49:37,48.5, 27.1
07/14/2026,15:50:36,48.6, 27.1
07/14/2026,15:51:36,48.6, 27.1
07/14/2026,15:52:35,48.6, 27.1
07/14/2026,15:53:35,48.3, 27.1
07/14/2026,15:54:34,48.2, 27.0
07/14/2026,15:55:33,47.9, 27.0
07/14/2026,15:56:33,47.9, 26.9
07/14/2026,15:57:32,48.0, 27.0
07/14/2026,15:58:32,48.2, 27.0
07/14/2026,15:59:31,48.1, 27.0
07/14/2026,16:00:31,48.5, 27.0
07/14/2026,16:01:30,48.3, 27.0
07/14/2026,16:02:29,48.2, 27.1
07/14/2026,16:03:29,47.9, 27.1
07/14/2026,16:04:28,48.1, 27.1
07/14/2026,16:05:27,48.7, 27.1
07/14/2026,16:06:27,48.3, 27.2
07/14/2026,16:07:26,48.2, 27.2
07/14/2026,16:08:26,48.3, 27.2
07/14/2026,16:09:25,48.8, 27.2
07/14/2026,16:10:24,48.3, 27.2
07/14/2026,16:11:24,48.0, 27.2
07/14/2026,16:12:23,47.8, 27.2
07/14/2026,16:13:23,49.0, 27.2
07/14/2026,16:14:22,48.3, 27.2
07/14/2026,16:15:22,48.8, 27.2
07/14/2026,16:16:21,48.2, 27.2
07/14/2026,16:17:21,47.9, 27.2
07/14/2026,16:18:20,47.9, 27.1
07/14/2026,16:19:19,48.2, 27.1
07/14/2026,16:20:19,48.4, 27.1
07/14/2026,16:21:18,48.5, 27.1
07/14/2026,16:22:18,48.5, 27.1
07/14/2026,16:23:17,48.4, 27.1
07/14/2026,16:24:17,49.4, 27.1
07/14/2026,16:25:16,49.4, 27.1
07/14/2026,16:26:16,48.7, 27.1
07/14/2026,16:27:15,48.5, 27.1
07/14/2026,16:28:15,48.4, 27.1
07/14/2026,16:29:14,47.7, 27.1
07/14/2026,16:30:14,48.0, 27.1
07/14/2026,16:31:13,47.5, 27.1
07/14/2026,16:32:13,47.8, 27.1
07/14/2026,16:33:12,48.2, 27.1
07/14/2026,16:34:12,48.6, 27.1
07/14/2026,16:35:11,48.6, 27.1
07/14/2026,16:36:11,48.4, 27.1
07/14/2026,16:37:10,48.3, 27.1
07/14/2026,16:38:10,48.6, 27.1
07/14/2026,16:39:09,48.6, 27.1
07/14/2026,16:40:09,48.8, 27.1
07/14/2026,16:41:08,48.8, 27.1
07/14/2026,16:42:07,48.8, 27.1
07/14/2026,16:43:07,48.2, 27.2
07/14/2026,16:44:06,48.4, 27.2
07/14/2026,16:45:06,49.1, 27.2
07/14/2026,16:46:05,48.3, 27.2
07/14/2026,16:47:05,48.6, 27.3
07/14/2026,16:48:04,48.2, 27.3
07/14/2026,16:49:03,47.9, 27.3
07/14/2026,16:50:03,48.0, 27.2
07/14/2026,16:51:02,48.5, 27.2
07/14/2026,16:52:02,48.2, 27.2
07/14/2026,16:53:01,48.4, 27.3
07/14/2026,16:54:01,48.2, 27.3
07/14/2026,16:55:00,48.5, 27.3
07/14/2026,16:55:59,48.5, 27.4
07/14/2026,16:56:59,48.4, 27.4
07/14/2026,16:57:58,48.0, 27.4
07/14/2026,16:58:58,48.2, 27.3
07/14/2026,16:59:57,48.5, 27.4
07/14/2026,17:00:57,47.9, 27.4
07/14/2026,17:01:56,48.1, 27.4
07/14/2026,17:02:56,47.9, 27.3
07/14/2026,17:03:55,47.5, 27.3
07/14/2026,17:04:55,47.8, 27.3
07/14/2026,17:05:54,48.0, 27.3
07/14/2026,17:06:54,47.8, 27.3
07/14/2026,17:07:53,48.1, 27.3
07/14/2026,17:08:53,48.1, 27.3
07/14/2026,17:09:52,48.2, 27.3
07/14/2026,17:10:51,48.3, 27.3
07/14/2026,17:11:51,48.3, 27.3
07/14/2026,17:12:50,48.4, 27.3
07/14/2026,17:13:50,48.5, 27.3
07/14/2026,17:14:49,48.6, 27.3
07/14/2026,17:15:49,48.7, 27.3
07/14/2026,17:16:48,49.0, 27.3
07/14/2026,17:17:48,49.4, 27.3
07/14/2026,17:18:47,49.4, 27.3
07/14/2026,17:19:46,49.5, 27.3
07/14/2026,17:20:46,49.7, 27.3
07/14/2026,17:21:45,49.9, 27.4
07/14/2026,17:22:45,50.2, 27.4
07/14/2026,17:23:44,50.4, 27.4
07/14/2026,17:24:44,50.5, 27.4
07/14/2026,17:25:43,51.0, 27.4
07/14/2026,17:26:43,51.4, 27.4
07/14/2026,17:27:42,51.6, 27.4
07/14/2026,17:28:42,51.9, 27.5
07/14/2026,17:29:41,52.6, 27.4
07/14/2026,17:30:41,53.1, 27.5
07/14/2026,17:31:40,53.3, 27.5
07/14/2026,17:32:39,53.5, 27.5
07/14/2026,17:33:39,54.6, 27.5
07/14/2026,17:34:38,54.0, 27.5
07/14/2026,17:35:37,54.1, 27.5
07/14/2026,17:36:37,54.5, 27.5
07/14/2026,17:37:36,55.5, 27.5
07/14/2026,17:38:36,55.5, 27.5
07/14/2026,17:39:35,56.7, 27.5
07/14/2026,17:40:35,56.4, 27.5
07/14/2026,17:41:34,57.1, 27.5
07/14/2026,17:42:33,57.3, 27.6
07/14/2026,17:43:33,56.4, 27.6
07/14/2026,17:44:32,56.6, 27.6
07/14/2026,17:45:32,57.6, 27.6
07/14/2026,17:46:31,57.7, 27.6
07/14/2026,17:47:31,57.6, 27.6
07/14/2026,17:48:30,56.5, 27.6
07/14/2026,17:49:29,55.0, 27.6
07/14/2026,17:50:29,51.6, 27.5
07/14/2026,17:51:28,50.3, 27.5
07/14/2026,17:52:28,47.6, 27.4
07/14/2026,17:53:27,46.3, 27.4
07/14/2026,17:54:27,44.7, 27.3
07/14/2026,17:55:26,44.3, 27.2
07/14/2026,17:56:25,43.3, 27.2
07/14/2026,17:57:25,43.4, 27.1
07/14/2026,17:58:24,42.3, 27.1
07/14/2026,17:59:24,41.5, 27.1
07/14/2026,18:00:23,40.6, 27.0
07/14/2026,18:01:23,39.7, 27.0
07/14/2026,18:02:22,39.3, 27.0
07/14/2026,18:03:21,39.5, 27.0
07/14/2026,18:04:21,40.0, 26.9
07/14/2026,18:05:20,39.2, 26.9
07/14/2026,18:06:20,39.2, 26.9
07/14/2026,18:07:19,39.1, 26.9
07/14/2026,18:08:19,39.3, 26.8
07/14/2026,18:09:18,39.1, 26.8
07/14/2026,18:10:18,39.4, 26.8
07/14/2026,18:11:17,39.7, 26.8
07/14/2026,18:12:16,39.1, 26.8
07/14/2026,18:13:16,39.3, 26.8
07/14/2026,18:14:15,39.3, 26.8
07/14/2026,18:15:14,39.3, 26.8
07/14/2026,18:16:14,38.9, 26.8
07/14/2026,18:17:13,39.0, 26.8
07/14/2026,18:18:13,39.1, 26.8
07/14/2026,18:19:12,38.2, 26.8
07/14/2026,18:20:11,38.1, 26.8
07/14/2026,18:21:11,38.2, 26.8
07/14/2026,18:22:10,38.1, 26.8
07/14/2026,18:23:10,38.1, 26.8
07/14/2026,18:24:09,38.2, 26.8
07/14/2026,18:25:08,37.5, 26.7
07/14/2026,18:26:08,37.4, 26.7
07/14/2026,18:27:07,38.2, 26.7
07/14/2026,18:28:07,37.6, 26.7
07/14/2026,18:29:06,37.8, 26.7
07/14/2026,18:30:06,37.7, 26.7
07/14/2026,18:31:05,37.5, 26.7
07/14/2026,18:32:04,37.8, 26.7
07/14/2026,18:33:04,37.6, 26.7
07/14/2026,18:34:03,37.3, 26.7
07/14/2026,18:35:03,37.8, 26.7
07/14/2026,18:36:02,37.2, 26.7
07/14/2026,18:37:02,37.1, 26.7
07/14/2026,18:38:01,37.2, 26.7
07/14/2026,18:39:01,37.2, 26.7
07/14/2026,18:40:00,37.2, 26.7
07/14/2026,18:40:59,37.6, 26.7
07/14/2026,18:41:59,37.3, 26.7
07/14/2026,18:42:58,37.2, 26.7
07/14/2026,18:43:58,36.8, 26.7
07/14/2026,18:44:57,37.0, 26.7
07/14/2026,18:45:57,37.1, 26.6
07/14/2026,18:46:56,36.9, 26.7
07/14/2026,18:47:55,36.8, 26.7
07/14/2026,18:48:55,37.1, 26.7
07/14/2026,18:49:54,37.0, 26.6
07/14/2026,18:50:54,37.2, 26.6
07/14/2026,18:51:53,37.0, 26.6
07/14/2026,18:52:52,36.3, 26.6
07/14/2026,18:53:52,36.9, 26.6
07/14/2026,18:54:51,36.9, 26.6
07/14/2026,18:55:50,37.0, 26.6
07/14/2026,18:56:50,36.8, 26.6
07/14/2026,18:57:49,36.9, 26.6
07/14/2026,18:58:49,36.6, 26.6
07/14/2026,18:59:48,37.4, 26.6
07/14/2026,19:00:47,37.3, 26.6
07/14/2026,19:01:47,36.7, 26.6
07/14/2026,19:02:46,37.0, 26.6
07/14/2026,19:03:46,37.7, 26.6
07/14/2026,19:04:45,38.1, 26.6
07/14/2026,19:05:44,38.8, 26.6
07/14/2026,19:06:44,39.0, 26.6
07/14/2026,19:07:43,39.4, 26.6
07/14/2026,19:08:43,40.0, 26.7
07/14/2026,19:09:42,40.2, 26.8
07/14/2026,19:10:42,40.4, 26.8
07/14/2026,19:11:41,40.6, 26.9
07/14/2026,19:12:40,41.0, 26.9
07/14/2026,19:13:40,41.3, 26.9
07/14/2026,19:14:39,41.4, 26.9
07/14/2026,19:15:39,41.8, 26.9
07/14/2026,19:16:38,42.2, 26.9
07/14/2026,19:17:37,42.4, 26.8
07/14/2026,19:18:37,42.2, 26.9
07/14/2026,19:19:36,42.1, 26.9
07/14/2026,19:20:36,42.7, 26.9
07/14/2026,19:21:35,43.1, 26.8
07/14/2026,19:22:34,43.4, 26.8
07/14/2026,19:23:34,43.4, 26.7
07/14/2026,19:24:33,43.2, 26.8
07/14/2026,19:25:33,43.6, 26.7
07/14/2026,19:26:32,43.8, 26.7
07/14/2026,19:27:31,43.9, 26.7
07/14/2026,19:28:31,44.1, 26.7
07/14/2026,19:29:30,44.3, 26.7
07/14/2026,19:30:30,44.4, 26.7
07/14/2026,19:31:29,44.1, 26.7
07/14/2026,19:32:29,43.6, 26.7
07/14/2026,19:33:28,43.6, 26.7
07/14/2026,19:34:28,44.4, 26.7
07/14/2026,19:35:27,44.1, 26.7
07/14/2026,19:36:27,44.2, 26.7
07/14/2026,19:37:26,44.4, 26.7
07/14/2026,19:38:25,44.6, 26.7
07/14/2026,19:39:25,44.8, 26.7
07/14/2026,19:40:24,45.0, 26.7
07/14/2026,19:41:24,45.1, 26.7
07/14/2026,19:42:23,45.1, 26.7
07/14/2026,19:43:23,44.7, 26.7
